{
	"description": "项目配置文件。",
	"packOptions": {
		"ignore": []
	},
	"setting": {
		"urlCheck": true,
		"es6": false,
		"postcss": true,
		"minified": true,
		"newFeature": true
	},
	"compileType": "miniprogram",
	"libVersion": "1.9.98",
	"appid": "wxe2b9a6c3f7150e24",
	"projectname": "555",
	"isGameTourist": false,
	"condition": {
		"search": {
			"current": -1,
			"list": []
		},
		"conversation": {
			"current": -1,
			"list": []
		},
		"plugin": {
			"current": -1,
			"list": []
		},
		"game": {
			"currentL": -1,
			"list": []
		},
		"miniprogram": {
			"current": -1,
			"list": [
				{
					"id": -1,
					"name": "leave",
					"pathName": "pages/leave/index",
					"query": ""
				},
				{
					"id": -1,
					"name": "rtr",
					"pathName": "pages/main/index",
					"query": "",
					"scene": "1012"
				}
			]
		}
	}
}