{
	"description": "项目配置文件。",
	"packOptions": {
		"ignore": []
	},
	"setting": {
		"urlCheck": true,
		"es6": true,
		"postcss": true,
		"minified": true,
		"newFeature": true
	},
	"compileType": "miniprogram",
	"libVersion": "2.1.0",
	"appid": "wx420114dccb0bdebc",
	"projectname": "Math",
	"isGameTourist": false,
	"condition": {
		"search": {
			"current": -1,
			"list": []
		},
		"conversation": {
			"current": -1,
			"list": []
		},
		"plugin": {
			"current": -1,
			"list": []
		},
		"game": {
			"currentL": -1,
			"list": []
		},
		"miniprogram": {
			"current": -1,
			"list": [
				{
					"id": 0,
					"name": "test",
					"pathName": "pages/test/test",
					"query": "userInfo = userInfo"
				},
				{
					"id": -1,
					"name": "example",
					"pathName": "pages/example/example",
					"query": ""
				},
				{
					"id": -1,
					"name": "eee",
					"pathName": "pages/eee/eee",
					"query": ""
				},
				{
					"id": -1,
					"name": "result",
					"pathName": "pages/result/result",
					"query": ""
				}
			]
		}
	}
}